scale,model,train_mean,train_std,test_mean,test_std
X*0.1,NN,0.1484961673617363,0.04950407745697921,0.4005926437047565,0.14524201985443821
X*0.1,OLS,0.24173960829075475,0.00863482771465012,0.23724150479729822,0.016105776776001002
X,NN,0.0007318181104892574,0.0009582305751226499,0.7932947464834288,0.11206762943056424
X,OLS,0.2417396082907548,0.00863482771465011,0.23724150479729822,0.01610577677600095
X*10,NN,5.059150139086199e-05,5.389928915410098e-05,1.2214193059073746,0.5276228605621202
X*10,OLS,0.24173960829075475,0.008634827714650108,0.23724150479729827,0.016105776776001012
