scale,model,train_mean,train_std,test_mean,test_std
X*0.1,NN,0.029811931680887936,0.011296260919122484,0.5557011045528596,0.08417943137527224
X*0.1,OLS,0.24173960829075475,0.00863482771465012,0.23724150479729822,0.016105776776001002
X,NN,0.007250769529491663,0.009488796242800586,0.6390595206249253,0.07424923509812924
X,OLS,0.2417396082907548,0.00863482771465011,0.23724150479729822,0.01610577677600095
X*10,NN,0.012482583912787958,0.02153245989907363,0.6035913418221733,0.08897411815402419
X*10,OLS,0.24173960829075475,0.008634827714650108,0.23724150479729827,0.016105776776001012
